,City,Lat,Lng,Max Temp,Humidity,Cloudiness,Wind Speed,Country,Date
0,Taoudenni,22.6783,-3.9836,113.99,6,16,10.8,ML,1627235502
1,Albany,42.6001,-73.9662,82.27,74,94,6.62,US,1627235589
2,Tabuk,17.4189,121.4443,76.78,78,100,2.84,PH,1627235589
3,Barrow,71.2906,-156.7887,39.2,91,100,12.53,US,1627235589
4,Fortuna,40.5982,-124.1573,59.67,96,90,0.0,US,1627235590
5,Ust-Maya,60.4167,134.5333,54.27,90,42,2.64,RU,1627235590
6,Arraial do Cabo,-22.9661,-42.0278,78.76,69,0,19.57,BR,1627235590
7,Cape Town,-33.9258,18.4232,62.28,49,0,2.3,ZA,1627235590
8,Esperance,-33.8667,121.9,53.44,83,4,17.49,AU,1627235346
9,Mount Darwin,-16.7725,31.5838,52.11,74,11,7.81,ZW,1627235591
10,Rikitea,-23.1203,-134.9692,70.34,65,97,3.91,PF,1627235591
11,Gamba,-2.65,10.0,72.1,85,87,6.78,GA,1627235591
12,Dandong,40.1292,124.3947,73.63,86,57,1.61,CN,1627235592
13,Vaini,-21.2,-175.2,68.16,94,55,0.0,TO,1627235306
14,Busselton,-33.65,115.3333,58.08,66,44,19.44,AU,1627235486
15,New Norfolk,-42.7826,147.0587,42.3,69,74,4.0,AU,1627235592
16,Hermanus,-34.4187,19.2345,53.8,55,100,7.9,ZA,1627235592
17,Ancud,-41.8697,-73.8203,44.13,61,17,10.31,CL,1627235593
18,São Filipe,14.8961,-24.4956,74.25,73,56,7.7,CV,1627235437
19,Ushuaia,-54.8,-68.3,35.26,93,90,26.46,AR,1627235593
20,Marang,5.2056,103.2059,82.31,82,50,2.86,MY,1627235593
21,Nanortalik,60.1432,-45.2371,45.28,74,100,12.97,GL,1627235594
22,Hobart,-42.8794,147.3294,42.66,74,67,1.01,AU,1627235594
23,Atuona,-9.8,-139.0333,77.38,72,52,23.67,PF,1627235492
24,Lompoc,34.6391,-120.4579,76.69,82,90,0.0,US,1627235317
25,Saint Paul Harbor,57.79,-152.4072,50.36,91,70,1.28,US,1627235594
26,Cabedelo,-6.9811,-34.8339,77.67,70,8,15.48,BR,1627235424
27,Kincardine,56.0667,-3.7167,77.38,67,5,5.88,GB,1627235595
28,Rodolfo Sánchez Taboada,31.7167,-116.5667,73.18,86,100,7.27,MX,1627235595
29,Norman Wells,65.282,-126.8329,62.64,48,20,8.05,CA,1627235595
30,Butaritari,3.0707,172.7902,81.95,76,18,10.31,KI,1627235595
31,Raudeberg,61.9875,5.1352,74.98,86,19,10.2,NO,1627235596
32,Punta Arenas,-53.15,-70.9167,41.11,70,20,16.11,CL,1627235480
33,Villazón,-22.0866,-65.5942,56.66,19,97,18.37,BO,1627235596
34,Entre Rios,-11.9419,-38.0844,76.75,63,62,8.88,BR,1627235596
35,Oktyabr'skoye,43.0645,44.7417,68.14,88,75,13.42,RU,1627235596
36,Avera,33.194,-82.5271,89.71,50,93,3.49,US,1627235359
37,Avarua,-21.2078,-159.775,71.65,94,75,4.61,CK,1627235484
38,São João da Barra,-21.6403,-41.0511,77.09,60,0,14.61,BR,1627235597
39,San Patricio,28.017,-97.5169,94.01,44,4,10.49,US,1627235597
40,Hamilton,39.1834,-84.5333,90.66,70,78,1.99,US,1627235597
41,Walvis Bay,-22.9575,14.5053,83.35,10,5,10.36,NA,1627235598
42,Saldanha,-33.0117,17.9442,60.85,54,100,11.3,ZA,1627235598
43,Boa Vista,2.8197,-60.6733,85.98,62,75,3.44,BR,1627235598
44,Salinas,36.6777,-121.6555,77.04,72,40,3.44,US,1627235565
45,Jinchang,38.4953,102.1739,74.71,35,74,7.02,CN,1627235599
46,Tasiilaq,65.6145,-37.6368,39.65,87,66,5.1,GL,1627235599
47,Killybegs,54.6333,-8.45,65.91,70,2,9.75,IE,1627235599
48,Rio Grande,-32.035,-52.0986,75.31,70,87,5.73,BR,1627235320
49,Mataura,-46.1927,168.8643,47.48,88,100,4.59,NZ,1627235308
50,Verkhnyaya Inta,65.9811,60.3094,48.7,87,100,17.49,RU,1627235600
51,Puerto Ayora,-0.7393,-90.3518,78.76,84,38,5.99,EC,1627235555
52,George Town,5.4112,100.3354,83.89,83,20,2.3,MY,1627235503
53,Kenai,60.5544,-151.2583,57.29,80,90,8.05,US,1627235600
54,Port Elizabeth,-33.918,25.5701,55.69,82,0,1.14,ZA,1627235307
55,Arvika,59.6553,12.5852,79.5,43,31,3.8,SE,1627235600
56,Carnarvon,-24.8667,113.6333,55.47,72,0,5.75,AU,1627235601
57,New Waterford,40.8451,-80.6145,87.03,56,85,1.99,US,1627235601
58,Vila,42.0304,-8.1588,67.23,73,42,7.45,PT,1627235601
59,Vardø,70.3705,31.1107,50.2,93,75,19.57,NO,1627235437
60,Port Hardy,50.6996,-127.4199,59.18,88,75,2.3,CA,1627235602
61,Klaksvík,62.2266,-6.589,52.72,96,100,12.55,FO,1627235587
62,Brigantine,39.4101,-74.3646,88.29,70,40,18.41,US,1627235602
63,Effingham County,32.3669,-81.3332,90.86,59,92,5.21,US,1627235602
64,Estelle,29.8458,-90.1067,95.04,60,1,8.05,US,1627235603
65,Coquimbo,-29.9533,-71.3436,60.53,63,0,13.8,CL,1627235375
66,Mount Isa,-20.7333,139.5,44.37,49,4,2.3,AU,1627235552
67,Grand Gaube,-20.0064,57.6608,72.0,59,0,8.99,MU,1627235603
68,Dolores,-36.3132,-57.6792,61.45,75,97,11.43,AR,1627235603
69,Rūdbār,30.15,62.6,99.46,11,2,17.34,AF,1627235603
70,Lebu,-37.6167,-73.65,51.17,89,89,4.5,CL,1627235600
71,Kasongo,-4.45,26.6667,80.49,30,23,6.13,CD,1627235604
72,Portland,45.5234,-122.6762,80.62,59,1,1.99,US,1627234992
73,Mopti,14.6667,-4.0,91.99,44,33,12.71,ML,1627235604
74,Mīnāb,27.1467,57.0801,94.5,47,17,2.89,IR,1627235605
75,Kieta,-6.2167,155.6333,78.12,83,76,1.52,PG,1627235397
76,Comodoro Rivadavia,-45.8667,-67.5,49.86,46,0,12.66,AR,1627235605
77,Cotonou,6.3654,2.4183,80.58,74,20,16.11,BJ,1627235605
78,Saskylakh,71.9167,114.0833,52.66,82,40,7.96,RU,1627235485
79,Rome,43.2128,-75.4557,84.06,61,75,1.01,US,1627235533
80,Sorong,-0.8833,131.25,76.64,85,100,8.03,ID,1627235606
81,Bluff,-46.6,168.3333,47.8,82,100,5.91,NZ,1627235606
82,Ko Samui,9.5357,99.9357,83.1,76,100,17.13,TH,1627235606
83,Narsaq,60.9167,-46.05,57.42,48,100,4.34,GL,1627235316
84,Chadan,51.2833,91.5833,61.74,79,43,4.05,RU,1627235607
85,Bredasdorp,-34.5322,20.0403,53.28,87,100,5.75,ZA,1627235607
86,Tiksi,71.6872,128.8694,48.0,81,83,7.23,RU,1627235487
87,Olenegorsk,68.15,33.3,51.44,67,96,6.71,RU,1627235607
88,San Cristobal,7.7669,-72.225,75.38,49,100,5.28,VE,1627235484
89,Ishikari,43.2397,141.3539,71.83,93,11,12.91,JP,1627235607
90,Mar del Plata,-38.0023,-57.5575,57.22,59,90,8.99,AR,1627235553
91,Torbay,47.6666,-52.7314,63.28,93,90,10.36,CA,1627235608
92,Sawākin,19.1059,37.3321,90.75,51,19,9.1,SD,1627235608
93,Akdepe,42.0551,59.3788,95.0,36,0,18.66,TM,1627235608
94,Hambantota,6.1241,81.1185,80.02,80,82,17.56,LK,1627235549
95,Simbahan,6.3032,120.5836,83.25,80,14,9.66,PH,1627235609
96,Qaanaaq,77.484,-69.3632,40.23,70,88,5.48,GL,1627235609
97,Bakchar,57.0186,82.0711,66.24,93,32,3.58,RU,1627235609
98,Cap Malheureux,-19.9842,57.6142,72.09,59,0,8.99,MU,1627235609
99,Padang,-0.9492,100.3543,78.21,85,30,3.27,ID,1627235610
100,Mahébourg,-20.4081,57.7,71.89,60,40,11.5,MU,1627235610
101,Palembang,-2.9167,104.7458,73.11,91,0,4.5,ID,1627235610
102,Lavrentiya,65.5833,-171.0,44.06,99,100,4.99,RU,1627235611
103,Castro,-24.7911,-50.0119,70.07,41,2,7.7,BR,1627235611
104,Hithadhoo,-0.6,73.0833,80.87,74,85,3.24,MV,1627235479
105,Caravelas,-17.7125,-39.2481,74.16,65,59,7.49,BR,1627235611
106,Hilo,19.7297,-155.09,77.61,93,90,5.75,US,1627235326
107,Ambikāpur,23.1167,83.2,76.75,86,52,7.49,IN,1627235611
108,Sosnovo-Ozerskoye,52.5249,111.5418,56.23,72,100,4.9,RU,1627235612
109,Pokhara,28.2333,83.9833,74.61,93,100,1.95,NP,1627235612
110,Ust'-Kulom,61.6864,53.6902,54.63,67,91,5.44,RU,1627235612
111,San Policarpo,12.1791,125.5072,81.57,77,60,10.27,PH,1627235613
112,Dikson,73.5069,80.5464,38.34,89,54,13.18,RU,1627235315
113,Port Alfred,-33.5906,26.891,61.03,49,27,11.43,ZA,1627235613
114,Altus,34.6381,-99.334,98.11,47,1,4.61,US,1627235613
115,Whitley Bay,55.0397,-1.4471,67.8,77,40,6.91,GB,1627235614
116,Thompson,55.7435,-97.8558,57.36,54,75,11.5,CA,1627235614
117,Atbasar,51.8,68.3333,64.81,59,6,8.39,KZ,1627235379
118,Sampit,-2.5333,112.95,71.38,96,0,2.24,ID,1627235614
119,Mossamedes,-15.1961,12.1522,68.05,67,0,3.8,AO,1627235387
120,Kungurtug,50.5994,97.5228,54.59,94,99,1.79,RU,1627235615
121,Tay Ninh,11.3,106.1,76.1,88,60,5.37,VN,1627235615
122,Kaitangata,-46.2817,169.8464,49.93,62,100,4.85,NZ,1627235345
123,Tautira,-17.7333,-149.15,75.22,67,2,10.07,PF,1627235615
124,Kyzyl-Mazhalyk,51.1333,90.6,62.01,71,57,0.81,RU,1627235615
125,Otradnoye,59.7775,30.8181,69.94,63,50,2.75,RU,1627235616
126,Patacamaya,-17.2333,-67.9167,56.41,25,8,10.98,BO,1627235616
127,Youghal,51.95,-7.8506,72.61,74,16,5.28,IE,1627235616
128,Charters Towers,-20.1,146.2667,53.83,41,5,8.01,AU,1627235617
129,Airai,-8.9266,125.4092,55.54,51,40,3.06,TL,1627235582
130,Anadyr,64.75,177.4833,52.3,93,90,4.0,RU,1627235496
131,Amazar,53.858,120.875,60.58,85,98,4.52,RU,1627235617
132,Pangai,-19.8,-174.35,73.51,94,20,0.0,TO,1627235617
133,Kuala Terengganu,5.3302,103.1408,82.35,89,20,1.14,MY,1627235618
134,Nemuro,43.3236,145.575,61.16,93,1,5.84,JP,1627235440
135,Karpathos,35.507,27.2132,78.76,94,20,26.46,GR,1627235618
136,Bandarbeyla,9.4942,50.8122,79.86,63,71,26.44,SO,1627235587
137,Jamestown,42.097,-79.2353,82.29,61,75,8.05,US,1627235618
138,Geraldton,-28.7667,114.6,48.61,93,0,12.66,AU,1627235619
139,Aklavik,68.2191,-135.0107,55.4,76,75,17.27,CA,1627235619
140,Saint Anthony,45.0205,-93.218,91.26,30,20,1.99,US,1627235619
141,Souillac,-20.5167,57.5167,71.98,60,40,11.5,MU,1627235619
142,Lázaro Cárdenas,17.9583,-102.2,86.11,71,32,4.45,MX,1627235620
143,Turbat,26.0023,63.044,86.22,70,59,6.44,PK,1627235524
144,Polessk,54.862,21.1028,77.05,65,70,8.68,RU,1627235620
145,Cabo San Lucas,22.8909,-109.9124,95.5,65,4,7.27,MX,1627235402
146,Muisne,0.6,-80.0333,82.51,77,95,11.65,EC,1627235546
147,Saint-Philippe,-21.3585,55.7679,69.39,77,37,11.39,RE,1627235597
148,West Bay,19.3667,-81.4167,88.0,72,40,1.99,KY,1627235620
149,Pointe-Noire,-4.7761,11.8635,75.27,83,75,5.75,CG,1627235621
150,Paharpur,32.1038,70.9724,103.82,31,1,6.8,PK,1627235621
151,Phan Thiet,10.9333,108.1,75.65,93,48,9.46,VN,1627235514
152,Launceston,-41.45,147.1667,44.8,90,75,1.99,AU,1627235490
153,San Quintín,30.4833,-115.95,68.58,82,100,6.4,MX,1627235621
154,Caucayá,-0.1934,-74.7819,85.68,54,91,2.95,CO,1627235622
155,Umm Hājar,13.2954,19.6966,81.64,63,99,6.35,TD,1627235622
156,Port Macquarie,-31.4333,152.9167,53.56,59,0,8.34,AU,1627235622
157,Cherskiy,68.75,161.3,41.97,72,27,7.54,RU,1627235401
158,Vicksburg,32.3526,-90.8779,94.68,57,1,4.61,US,1627235382
159,Vila Velha,-20.3297,-40.2925,76.96,56,40,9.22,BR,1627235401
160,Saint-Joseph,-21.3667,55.6167,68.38,75,20,11.83,RE,1627235623
161,Tual,-5.6667,132.75,79.86,79,98,19.13,ID,1627235525
162,Izumo,35.3667,132.7667,78.75,73,37,4.23,JP,1627235623
163,Tigil',57.8,158.6667,54.43,94,93,5.1,RU,1627235623
164,Severo-Kuril'sk,50.6789,156.125,53.69,97,82,3.36,RU,1627235501
165,Deputatsky,69.3,139.9,43.09,81,9,3.04,RU,1627235419
166,Lagoa,39.05,-27.9833,69.49,82,100,12.8,PT,1627235413
167,Huilong,31.8111,121.655,78.04,94,100,39.82,CN,1627235624
168,Chumikan,54.7183,135.315,62.47,92,28,11.32,RU,1627235624
169,Lorengau,-2.0226,147.2712,78.53,84,20,9.28,PG,1627235513
170,Hofn,64.2539,-15.2082,52.14,88,97,15.17,IS,1627235500
171,Hasaki,35.7333,140.8333,75.6,79,0,14.23,JP,1627235544
172,São José do Belmonte,-7.8614,-38.7597,87.82,27,0,11.27,BR,1627235625
173,Kruisfontein,-34.0033,24.7314,53.71,45,59,3.13,ZA,1627235559
174,Impfondo,1.6381,18.0667,80.62,55,94,1.59,CG,1627235625
175,North Bend,43.4065,-124.2243,68.16,83,40,8.05,US,1627235598
176,Reconquista,-29.15,-59.65,80.37,44,3,7.16,AR,1627235625
177,Lokosovo,61.1333,74.8167,55.67,96,100,12.8,RU,1627235626
178,Bathsheba,13.2167,-59.5167,88.41,74,75,18.41,BB,1627235626
179,Kavieng,-2.5744,150.7967,81.05,76,53,1.05,PG,1627235626
180,Upernavik,72.7868,-56.1549,41.0,82,47,11.56,GL,1627235343
181,Lüderitz,-26.6481,15.1594,66.45,25,74,4.34,NA,1627235500
182,Whitehorse,60.7161,-135.0538,60.1,58,40,2.3,CA,1627235454
183,Shalya,57.2471,58.7298,52.34,65,28,1.41,RU,1627235626
184,Fallon,39.4735,-118.7774,91.45,14,75,8.05,US,1627235627
185,Malanje,-9.5402,16.341,73.49,25,3,3.91,AO,1627235539
186,Batemans Bay,-35.7167,150.1833,60.1,56,49,13.73,AU,1627235627
187,Yar-Sale,66.8333,70.8333,49.73,77,56,19.24,RU,1627235627
188,Santa Isabel,-23.3156,-46.2214,83.37,19,0,4.74,BR,1627235628
189,Bengkulu,-3.8004,102.2655,75.49,90,2,4.83,ID,1627235628
190,Bambous Virieux,-20.3428,57.7575,71.85,60,40,11.5,MU,1627235628
191,Itoman,26.1247,127.6694,80.98,94,75,12.66,JP,1627235628
192,Roebourne,-20.7833,117.1333,70.02,42,15,4.21,AU,1627235629
193,Ormara,25.2088,64.6357,82.24,85,92,15.57,PK,1627235629
194,Los Llanos de Aridane,28.6585,-17.9182,73.15,81,20,16.11,ES,1627235629
195,Phuket,8.0,98.25,88.09,79,20,11.5,TH,1627235375
196,Saint George,37.1041,-113.5841,91.33,45,10,1.99,US,1627235560
197,Poum,-20.2333,164.0167,72.1,79,5,14.52,NC,1627235630
198,Paamiut,61.994,-49.6678,44.69,70,79,4.72,GL,1627235521
199,Ketchikan,55.3422,-131.6461,57.18,82,100,1.45,US,1627235630
200,San Andrés,12.5847,-81.7006,86.02,74,40,11.5,CO,1627235630
201,Santa Cruz de la Sierra,-17.8,-63.1667,87.85,42,20,29.93,BO,1627235631
202,Kondinskoye,59.6481,67.41,54.59,54,46,8.16,RU,1627235631
203,Moutier,47.2782,7.3695,74.05,78,40,1.01,CH,1627235631
204,Nouadhibou,20.931,-17.0347,76.98,73,0,17.27,MR,1627235632
205,Sinjār,36.3209,41.8754,96.96,18,0,6.26,IQ,1627235632
206,Nanyang,32.9947,112.5328,76.95,79,1,1.34,CN,1627235632
207,Henties Bay,-22.116,14.2845,70.36,34,1,9.31,NA,1627235632
208,Karratha,-20.7377,116.8463,70.03,46,24,4.41,AU,1627235555
209,Maragogi,-9.0122,-35.2225,76.44,83,37,13.18,BR,1627235633
210,Kulhudhuffushi,6.6221,73.07,81.39,79,100,20.58,MV,1627235387
211,Liusha,27.2098,108.59,67.37,95,2,1.16,CN,1627235633
212,Skjervøy,70.0311,20.9714,51.8,98,100,7.49,NO,1627235633
213,Khatanga,71.9667,102.5,50.34,83,54,7.25,RU,1627235634
214,Mayor Pablo Lagerenza,-19.9309,-60.7718,98.47,18,0,17.87,PY,1627235634
215,Ngunguru,-35.6167,174.5,58.15,93,100,20.42,NZ,1627235634
216,Hailin,44.5833,129.4167,71.44,79,77,2.86,CN,1627235634
217,Yulara,-25.2406,130.9889,46.24,57,69,4.61,AU,1627235569
218,Beringovskiy,63.05,179.3167,51.33,91,98,1.83,RU,1627235635
219,Port Lincoln,-34.7333,135.8667,55.24,86,41,17.36,AU,1627235488
220,Kapaa,22.0752,-159.319,79.12,84,75,1.99,US,1627235479
221,Goshogawara,40.8044,140.4414,73.11,92,26,5.41,JP,1627235635
222,Leningradskiy,69.3833,178.4167,37.62,90,100,4.63,RU,1627235388
223,Provideniya,64.3833,-173.3,46.71,99,100,6.67,RU,1627235635
224,Kungur,57.4368,56.9593,55.81,61,77,4.52,RU,1627235636
225,Denpasar,-8.65,115.2167,74.86,88,40,4.61,ID,1627235621
226,Zemio,5.0314,25.1361,71.08,90,82,3.76,CF,1627235636
227,Dogondoutchi,13.6393,4.0287,92.5,42,42,8.68,NE,1627235636
228,Bagé,-31.3314,-54.1069,80.38,41,0,14.97,BR,1627235637
229,Puerto Escondido,15.85,-97.0667,88.27,61,59,7.54,MX,1627235637
230,Hong Kong,22.2855,114.1577,86.38,83,20,1.01,HK,1627235554
231,Hailey,43.5196,-114.3153,65.05,25,0,3.0,US,1627235637
232,Farīdkot,30.6667,74.75,93.4,51,84,7.2,IN,1627235637
233,Ponta do Sol,32.6667,-17.1,78.71,76,6,5.08,PT,1627235636
234,Black River,18.0264,-77.8487,87.8,64,26,7.0,JM,1627235638
235,Sitka,57.0531,-135.33,55.29,82,90,4.61,US,1627235384
236,Ribeira Grande,38.5167,-28.7,73.8,83,40,8.05,PT,1627235601
237,Srednekolymsk,67.45,153.6833,39.24,76,100,15.68,RU,1627235612
238,Malatya Province,38.5,38.0,77.05,32,20,3.44,TR,1627235638
239,Myitkyina,25.3833,97.4,73.96,99,100,0.81,MM,1627235638
240,Eucaliptus,-17.5833,-67.5167,55.09,25,2,8.05,BO,1627235639
241,Cabo Rojo,18.0866,-67.1457,91.38,69,67,4.0,PR,1627235639
242,Ukiah,39.1502,-123.2078,95.43,40,1,4.61,US,1627235402
243,Wanning,18.8003,110.3967,79.72,90,86,11.27,CN,1627235640
244,Vestmannaeyjar,63.4427,-20.2734,54.59,82,75,27.63,IS,1627235640
245,Guerrero Negro,27.9769,-114.0611,76.05,61,60,9.53,MX,1627235640
246,Yafran,32.0633,12.5286,85.23,23,0,14.52,LY,1627235640
247,Kingman,35.1894,-114.053,83.52,45,73,4.0,US,1627235641
248,Dunedin,-45.8742,170.5036,50.81,64,100,14.0,NZ,1627235641
249,Okhotsk,59.3833,143.3,55.54,98,100,5.79,RU,1627235513
250,Pangnirtung,66.1451,-65.7125,46.4,100,90,9.22,CA,1627235641
251,Haines Junction,60.7522,-137.5108,53.55,66,97,3.44,CA,1627235642
252,Yellowknife,62.456,-114.3525,60.3,51,20,4.61,CA,1627235642
253,Mīzan Teferī,6.9833,35.5833,58.33,98,100,2.37,ET,1627235642
254,Mount Gambier,-37.8333,140.7667,51.71,93,90,16.11,AU,1627235642
255,Nagbalaye,9.2492,122.8759,81.1,84,27,7.11,PH,1627235643
256,Miles City,46.4083,-105.8406,95.63,13,0,9.26,US,1627235643
257,Pisco,-13.7,-76.2167,67.01,72,75,6.91,PE,1627235563
258,Riberalta,-10.9833,-66.1,89.8,51,20,6.91,BO,1627235643
259,Faanui,-16.4833,-151.75,77.77,66,2,13.11,PF,1627235512
260,Tsabong,-26.0217,22.401,53.29,29,48,9.57,BW,1627235644
261,Mogadishu,2.0371,45.3438,76.1,79,36,21.85,SO,1627235644
262,Athabasca,54.7169,-113.2854,72.01,31,98,10.83,CA,1627235644
263,Godda,24.8333,87.2167,85.08,74,100,5.06,IN,1627235644
264,Ipoti,7.8738,5.0769,69.71,91,59,5.64,NG,1627235645
265,Viedma,-40.8135,-62.9967,56.28,34,14,12.1,AR,1627235645
266,Plettenberg Bay,-34.0527,23.3716,59.14,50,77,3.65,ZA,1627235577
267,Itarema,-2.9248,-39.9167,86.34,52,47,18.19,BR,1627235640
268,Trincomalee,8.5711,81.2335,81.77,76,92,24.63,LK,1627235518
269,Viseu,40.661,-7.9097,71.85,73,70,6.98,PT,1627235645
270,Nālūt,30.3333,10.85,92.84,10,0,10.07,LY,1627235646
271,Ballina,-28.8667,153.5667,48.78,81,0,3.44,AU,1627235646
272,Liaoyang,41.2719,123.1731,73.72,87,90,3.8,CN,1627235646
273,Shimoda,34.6667,138.95,77.11,87,6,7.67,JP,1627235571
274,Talara,-4.5772,-81.2719,75.96,73,40,13.8,PE,1627235647
275,Copiapó,-27.3667,-70.3333,55.09,32,0,7.47,CL,1627235647
276,Taganak,6.0833,118.3,75.34,73,48,7.92,PH,1627235647
277,Mackay,-21.15,149.2,54.05,87,3,5.75,AU,1627235647
278,Arrondissement de Dinan,48.4167,-2.25,67.21,77,58,11.07,FR,1627235648
279,Vanimo,-2.6741,141.3028,74.73,81,100,3.4,PG,1627235648
280,Kununurra,-15.7667,128.7333,60.78,82,25,0.0,AU,1627235648
281,Sabha,27.0377,14.4283,90.18,15,0,11.36,LY,1627235648
282,Warrington,53.3925,-2.5802,77.23,62,20,5.01,GB,1627235649
283,Ural,55.9078,94.7464,62.01,80,0,3.24,RU,1627235649
284,Puerto Lempira,15.2667,-83.7667,84.92,66,98,7.74,HN,1627235649
285,Segamat,2.5148,102.8158,80.42,84,23,4.21,MY,1627235649
286,Bilibino,68.0546,166.4372,44.28,75,12,4.94,RU,1627235650
287,Paphos,34.7667,32.4167,82.24,78,0,11.5,CY,1627235650
288,Clifton,40.8584,-74.1638,85.51,71,75,8.99,US,1627235650
289,Pevek,69.7008,170.3133,34.86,90,100,9.48,RU,1627235535
290,Nelson Bay,-32.7167,152.15,54.09,61,10,3.0,AU,1627235651
291,Kayalpattinam,8.5667,78.1167,83.25,68,95,15.32,IN,1627235651
292,Gannan,47.9147,123.5031,68.86,95,100,1.74,CN,1627235651
293,Qaqortoq,60.7167,-46.0333,48.04,61,99,5.32,GL,1627235538
294,Tyrma,50.0833,132.1667,66.74,96,100,0.83,RU,1627235652
295,Calabozo,8.9242,-67.4293,81.75,75,100,4.16,VE,1627235652
296,Faya,18.3851,42.4509,66.31,71,93,4.16,SA,1627235543
297,Jalu,29.0331,21.5482,89.51,22,0,7.74,LY,1627235386
298,Kidal,18.4411,1.4078,82.33,51,71,24.43,ML,1627235652
299,Araouane,18.9048,-3.5265,105.31,18,56,8.03,ML,1627235653
300,Honningsvåg,70.9821,25.9704,45.52,76,99,14.76,NO,1627235653
301,Issaquah,47.5301,-122.0326,80.13,58,2,1.01,US,1627235653
302,Jiayuguan City,39.8167,98.3,74.82,39,97,5.66,CN,1627235458
303,Petukhovo,55.0692,67.9019,59.27,85,76,10.83,RU,1627235653
304,Whyalla,-33.0333,137.5833,48.09,87,2,10.36,AU,1627235654
305,Chokurdakh,70.6333,147.9167,35.15,80,2,10.04,RU,1627235654
306,Banda Aceh,5.5577,95.3222,80.19,83,92,6.04,ID,1627235400
307,East London,-33.0153,27.9116,59.94,72,0,6.91,ZA,1627235654
308,Longyan,25.1072,117.0225,73.8,96,72,3.65,CN,1627235655
309,Byron Bay,-28.65,153.6167,48.7,63,1,7.18,AU,1627235655
310,Crotone,39.0851,17.1178,79.93,67,1,11.32,IT,1627235655
311,Bethel,41.3712,-73.414,79.2,86,99,1.01,US,1627235655
312,Lata,40.1629,-8.3327,75.04,76,83,8.99,PT,1627235656
313,Pacific Grove,36.6177,-121.9166,75.63,86,40,5.01,US,1627235432
314,Chihuahua,28.5,-106.0,82.6,33,56,4.9,MX,1627235568
315,Tuktoyaktuk,69.4541,-133.0374,53.6,100,90,19.57,CA,1627235493
316,Eydhafushi,5.1033,73.0708,81.48,78,99,17.69,MV,1627235656
317,Dicabisagan,17.0818,122.4157,81.18,73,99,3.67,PH,1627235656
318,Areosa,41.7178,-8.8571,77.68,78,64,10.22,PT,1627235657
319,Talnakh,69.4865,88.3972,56.3,94,100,6.33,RU,1627235490
320,Filimonovo,56.2011,95.4611,64.69,71,2,5.61,RU,1627235657
321,Florø,61.5996,5.0328,75.9,64,20,14.97,NO,1627235657
322,Ilulissat,69.2167,-51.1,44.96,56,76,7.36,GL,1627235658
323,Lüleburgaz,41.4039,27.3592,74.57,67,0,10.78,TR,1627235658
324,Bose,45.4612,8.0137,80.19,86,45,3.85,IT,1627235658
325,Pringsewu,-5.3582,104.9744,68.92,91,0,1.12,ID,1627235658
326,Westport,41.1415,-73.3579,81.28,86,90,1.01,US,1627235444
327,Thongwa,16.7619,96.5278,77.16,88,100,13.24,MM,1627235659
328,Iqaluit,63.7506,-68.5145,46.13,93,90,4.0,CA,1627235368
329,Ārvi,20.9833,78.2333,76.48,87,31,10.56,IN,1627235659
330,Puerto del Rosario,28.5004,-13.8627,78.48,73,0,14.97,ES,1627235659
331,Almaty,43.25,76.95,76.91,36,0,4.47,KZ,1627235469
332,Mattru,7.6244,-11.8332,75.97,88,98,4.63,SL,1627235660
333,Progreso,21.2833,-89.6667,92.1,65,99,8.95,MX,1627235660
334,Daugavpils,55.8833,26.5333,67.82,58,0,4.18,LV,1627235660
335,Samagaltay,50.6022,95.0047,59.11,88,95,3.49,RU,1627235660
336,Touros,-5.1989,-35.4608,85.1,60,14,18.21,BR,1627235661
337,Sioux Lookout,50.1001,-91.917,79.18,47,40,14.97,CA,1627235661
338,Brae,60.3964,-1.353,60.71,74,64,3.83,GB,1627235661
339,Qui Nhon,13.7667,109.2333,81.16,70,60,18.95,VN,1627235661
340,Sanandij,35.3144,46.9923,86.04,14,0,5.08,IR,1627235662
341,Merta,26.65,74.0333,82.92,78,64,16.04,IN,1627235662
342,Vila do Maio,15.1333,-23.2167,81.39,70,55,10.09,CV,1627235662
343,Warrnambool,-38.3833,142.4833,51.82,90,96,18.3,AU,1627235662
344,Prince Rupert,54.3161,-130.3201,57.29,91,90,2.3,CA,1627235663
345,Arkhara,49.4212,130.0842,69.64,86,100,8.1,RU,1627235663
346,Kotido,2.9806,34.1331,65.32,73,100,12.66,UG,1627235663
347,Pangody,65.85,74.4859,52.34,69,100,11.74,RU,1627235553
348,Dudinka,69.4058,86.1778,54.55,89,90,1.66,RU,1627235540
349,Wanaka,-44.7,169.15,44.11,99,100,1.9,NZ,1627235664
350,Nandyāl,15.4833,78.4833,82.38,66,74,13.85,IN,1627235664
351,Nueve de Julio,-35.4444,-60.8831,57.7,50,24,12.06,AR,1627235455
352,Shenjiamen,29.9576,122.298,78.12,89,100,34.78,CN,1627235381
353,Swan Hill,-35.3378,143.5544,46.42,96,16,9.26,AU,1627235665
354,Khovd,48.0056,91.6419,67.46,54,73,4.47,MN,1627235665
355,Dingle,10.9995,122.6711,76.84,91,73,8.41,PH,1627235665
356,Adré,13.4667,22.2,72.34,93,82,12.71,TD,1627235665
357,Porto-Novo,6.4965,2.6036,80.42,72,48,10.16,BJ,1627235666
358,San Ramon,37.7799,-121.978,81.81,49,1,1.01,US,1627235493
359,Khargāpur,24.823,79.144,79.93,90,52,8.68,IN,1627235666
360,Esmeraldas,-19.7625,-44.3139,77.11,21,0,7.4,BR,1627235666
361,Northam,51.0333,-4.2167,72.34,80,86,8.16,GB,1627235667
362,Sur,22.5667,59.5289,93.7,53,42,9.86,OM,1627235596
363,Mahon,39.8885,4.2658,79.36,69,0,10.36,ES,1627235667
364,Jumla,29.2747,82.1838,65.71,98,100,1.32,NP,1627235520
365,Enterprise,36.0252,-115.2419,95.49,41,40,5.01,US,1627235555
366,General Roca,-39.0333,-67.5833,52.2,43,100,11.23,AR,1627235667
367,Nikolskoye,59.7035,30.7861,69.78,64,51,2.42,RU,1627235668
368,Sémbé,1.6481,14.5806,73.6,88,92,2.55,CG,1627235668
369,Bosaso,11.2842,49.1816,87.22,48,62,8.25,SO,1627235668
370,Agnibilékrou,7.1344,-3.2047,74.57,89,86,3.49,CI,1627235668
371,São José da Coroa Grande,-8.8978,-35.1478,76.86,81,22,12.97,BR,1627235669
372,Waingapu,-9.6567,120.2641,71.62,74,70,5.03,ID,1627235494
373,Genhe,50.7833,121.5167,52.41,97,10,1.79,CN,1627235669
374,Chui,-33.6971,-53.4616,68.05,79,61,10.36,UY,1627235660
375,Constitución,-35.3333,-72.4167,53.44,88,50,10.25,CL,1627235669
376,Houma,29.5958,-90.7195,91.4,85,7,3.0,US,1627235670
377,Angoche,-16.2325,39.9086,69.82,70,40,14.0,MZ,1627235509
378,Havelock,34.8791,-76.9013,87.75,70,40,4.0,US,1627235440
379,Tarko-Sale,64.9225,77.785,59.94,85,100,4.47,RU,1627235670
380,Río Gallegos,-51.6226,-69.2181,39.25,70,40,19.57,AR,1627235525
381,Kaeo,-35.1,173.7833,58.32,95,89,5.91,NZ,1627235670
382,Champerico,14.3,-91.9167,91.94,72,85,6.53,GT,1627235671
383,Kanigiri,15.4,79.5167,87.87,55,39,15.48,IN,1627235671
384,Laguna,38.421,-121.4238,101.43,36,1,4.61,US,1627235671
385,Bueu,42.3246,-8.785,80.13,73,0,12.66,ES,1627235672
386,Naze,28.3667,129.4833,77.97,88,100,18.72,JP,1627235672
387,Kutum,14.2,24.6667,69.57,81,96,13.09,SD,1627235619
388,Aripuanã,-9.1667,-60.6333,99.41,23,43,2.3,BR,1627235672
389,Boralday,43.3578,76.8594,78.66,36,0,4.47,KZ,1627235672
390,Bodmin,50.4715,-4.7243,71.44,88,40,11.5,GB,1627235673
391,Biltine,14.5333,20.9167,82.71,60,58,6.17,TD,1627235673
392,Yantai,37.5333,121.4,76.44,84,98,5.01,CN,1627235673
393,Morondava,-20.2833,44.2833,75.81,50,22,13.35,MG,1627235673
394,Camabatela,-8.1881,15.375,70.66,25,6,5.17,AO,1627235674
395,Mets Masrik,40.2183,45.7681,59.09,91,15,7.83,AM,1627235674
396,Bishoftu,8.75,38.9833,56.55,87,100,4.29,ET,1627235674
397,Bahía de Caráquez,-0.6,-80.4167,77.18,78,100,7.02,EC,1627235478
398,Quang Ngai,15.1167,108.8,81.99,67,99,4.41,VN,1627235454
399,Bukachacha,52.9833,116.9167,55.96,92,97,4.65,RU,1627235675
400,Aranda de Duero,41.6704,-3.6892,74.66,40,52,7.65,ES,1627235675
401,Arlit,18.7369,7.3853,105.82,11,2,8.21,NE,1627235606
402,Aitape,-3.1374,142.3475,75.22,86,100,6.31,PG,1627235675
403,Kyra,49.5776,111.9753,50.95,88,23,5.5,RU,1627235676
404,Khuzhir,53.1939,107.3397,56.62,70,19,5.97,RU,1627235676
405,Saint-Ambroise,48.5501,-71.3324,63.9,94,100,4.61,CA,1627235676
406,Puerto Quijarro,-17.7833,-57.7667,97.68,19,0,7.45,BO,1627235676
407,Cruz,-2.9178,-40.1717,90.84,42,43,15.55,BR,1627235677
408,Malbork,54.0359,19.0266,79.88,64,95,11.05,PL,1627235677
409,Casablanca,33.5928,-7.6192,80.62,69,20,20.0,MA,1627235567
410,Nambucca Heads,-30.65,153.0,42.17,61,0,6.87,AU,1627235677
411,Khorramshahr,30.4397,48.1664,111.16,12,0,9.22,IR,1627235475
412,Guiyang,26.5833,106.7167,68.49,94,20,2.24,CN,1627235661
413,Penzance,50.1186,-5.5371,67.77,83,86,10.07,GB,1627235678
414,Tuatapere,-46.1333,167.6833,47.82,90,100,4.7,NZ,1627235678
415,Vao,-22.6667,167.4833,70.84,79,64,13.35,NC,1627235507
416,Alyangula,-13.8483,136.4192,58.87,94,85,2.3,AU,1627235678
417,Kirakira,-10.4544,161.9205,78.28,84,75,6.51,SB,1627235679
418,Wanxian,30.8039,108.3897,78.42,81,3,1.1,CN,1627235679
419,Mongo,12.1844,18.693,74.34,86,93,3.69,TD,1627235679
420,Nara,34.6851,135.8049,80.26,94,8,1.9,JP,1627235679
421,Prado,-17.3411,-39.2208,74.93,64,57,9.04,BR,1627235680
422,Iskateley,67.6803,53.1512,44.55,77,88,14.85,RU,1627235680
423,Ngama,11.7833,17.1667,74.79,86,100,3.15,TD,1627235680
424,Halifax,44.6453,-63.5724,79.41,58,3,5.01,CA,1627235516
425,Clyde River,70.4692,-68.5914,35.83,100,90,12.66,CA,1627235555
426,Alpena,45.0617,-83.4327,83.95,42,1,10.36,US,1627235574
427,Erenhot,43.6475,111.9767,65.21,85,21,12.15,CN,1627235609
428,Zhangye,38.9342,100.4517,72.32,43,45,9.44,CN,1627235681
429,Yangi Marg`ilon,40.4272,71.7189,86.72,28,1,4.61,UZ,1627235520
430,Zalţan,32.947,11.8665,84.45,52,0,19.69,LY,1627235681
431,Husavik,66.0449,-17.3389,55.31,67,100,4.14,IS,1627235593
432,Zuwārah,32.9312,12.082,83.86,57,0,20.51,LY,1627235681
433,Ola,59.5833,151.2833,53.65,95,100,3.15,RU,1627235682
434,Buala,-8.145,159.5921,79.21,84,69,7.09,SB,1627235682
435,Kiyasovo,56.3491,53.1244,56.82,53,29,2.98,RU,1627235682
436,Jamkhandi,16.5167,75.3,74.48,84,90,14.63,IN,1627235682
437,Onega,63.9061,38.1404,53.44,82,60,5.46,RU,1627235683
438,Bobo-Dioulasso,11.1771,-4.2979,75.65,94,20,8.05,BF,1627235683
439,São Francisco do Sul,-26.2433,-48.6381,82.11,77,20,3.44,BR,1627235683
440,Carutapera,-1.195,-46.02,87.06,54,75,8.39,BR,1627235462
441,Honiara,-9.4333,159.95,77.09,89,94,4.81,SB,1627235684
442,Codrington,-38.2667,141.9667,49.68,92,98,15.17,AU,1627235684
443,Itaituba,-4.2761,-55.9836,95.16,46,20,9.22,BR,1627235684
444,Baykit,61.67,96.37,66.49,70,51,2.89,RU,1627235684
445,Mackenzie,55.2999,-123.1698,57.42,82,90,5.75,CA,1627235685
446,Tumpat,6.1978,102.171,82.38,89,20,2.3,MY,1627235685
447,Mwingi,-0.9344,38.0601,69.94,46,94,13.91,KE,1627235685
448,Puri,19.8,85.85,86.38,75,82,17.0,IN,1627235686
449,Nichinan,31.6,131.3667,79.75,90,100,9.06,JP,1627235686
450,Erzin,36.9559,36.2,84.72,84,0,3.87,TR,1627235686
451,Encruzilhada,-15.5314,-40.9094,76.75,37,60,9.04,BR,1627235686
452,Chenzhou,25.8,113.0333,76.33,89,28,1.43,CN,1627235687
453,Berlevåg,70.8578,29.0864,45.18,83,100,18.75,NO,1627235687
454,Kautokeino,69.0125,23.0412,57.94,72,93,2.17,NO,1627235687
455,Knysna,-34.0363,23.0471,57.58,45,78,5.64,ZA,1627235687
456,Dhidhdhoo,6.8833,73.1,81.73,77,100,21.3,MV,1627235673
457,Tessalit,20.1986,1.0114,94.1,28,70,12.59,ML,1627235688
458,Mallow,52.1333,-8.6333,76.5,67,38,5.23,IE,1627235688
459,Springbok,-29.6643,17.8865,56.16,26,100,8.79,ZA,1627235688
460,Marapanim,-0.7175,-47.6997,83.03,67,40,1.5,BR,1627235688
461,Opuwo,-18.0607,13.84,66.76,25,0,7.74,NA,1627235689
462,Sucúa,-2.4667,-78.1667,72.34,83,90,4.61,EC,1627235689
463,Meulaboh,4.1363,96.1285,78.04,86,98,2.3,ID,1627235551
464,Kazanka,47.8462,32.8218,75.51,43,65,5.48,UA,1627235689
465,Tamandaré,-8.7597,-35.1047,77.34,79,13,11.25,BR,1627235582
466,Alice Springs,-23.7,133.8833,53.15,37,40,5.75,AU,1627235690
467,Philadelphia,39.9523,-75.1638,89.06,66,75,8.01,US,1627235554
468,Sulphur,30.2366,-93.3774,93.16,58,1,3.44,US,1627235690
469,Agropoli,40.3469,14.9966,86.72,52,35,8.66,IT,1627235490
470,Fukuechō,32.6881,128.8419,79.54,82,100,20.62,JP,1627235563
471,Beidao,34.5686,105.8933,71.73,89,100,1.05,CN,1627235690
472,Gigmoto,13.7796,124.39,80.29,86,94,9.46,PH,1627235691
473,Kiryat Gat,31.61,34.7642,83.8,75,0,11.56,IL,1627235691
474,Matagami,49.7502,-77.6328,75.31,50,40,13.8,CA,1627235617
475,Tiarei,-17.5333,-149.3333,75.22,66,1,9.93,PF,1627235691
476,Kankan,10.3854,-9.3057,78.04,84,100,4.32,GN,1627235692
477,Shache,38.4167,77.2406,88.75,22,27,5.93,CN,1627235692
478,Longyearbyen,78.2186,15.6401,44.44,87,75,10.36,SJ,1627235692
479,Oudtshoorn,-33.5907,22.2014,53.96,30,87,6.49,ZA,1627235632
480,Kushima,31.4583,131.2333,80.11,93,100,7.94,JP,1627235573
481,Fairbanks,64.8378,-147.7164,60.1,73,90,1.01,US,1627235460
482,Keti Bandar,24.1447,67.4497,82.96,82,93,18.72,PK,1627235693
483,Serrana,-21.2114,-47.5956,82.35,18,0,4.68,BR,1627235557
484,Cartagena,10.3997,-75.5144,83.82,84,75,11.5,CO,1627235693
485,Carbonia,39.1672,8.5222,86.95,46,100,5.3,IT,1627235693
486,Mbala,-8.8402,31.3659,52.56,67,51,11.01,ZM,1627235693
487,La Ronge,55.1001,-105.2842,64.65,59,75,8.05,CA,1627235694
488,Evensk,61.95,159.2333,48.67,99,100,7.85,RU,1627235694
489,Bubaque,11.2833,-15.8333,79.34,79,98,6.49,GW,1627235598
490,Soyo,-6.1349,12.3689,72.72,86,57,7.27,AO,1627235694
491,Tevaitoa,-16.7833,-151.5,77.61,66,2,13.8,PF,1627235695
492,Boddam,57.4667,-1.7833,69.44,87,0,8.77,GB,1627235695
493,Majene,-3.5403,118.9707,74.95,89,59,11.03,ID,1627235695
494,Linxi,39.7,118.4333,73.54,88,85,6.44,CN,1627235695
495,Oshakati,-17.7833,15.6833,71.62,28,0,9.66,NA,1627235696
496,Tynda,55.1667,124.7167,58.14,96,100,3.36,RU,1627235696
497,Olinda,-8.0089,-34.8553,76.73,69,75,13.8,BR,1627235696
498,Arman',59.7,150.1667,53.24,99,100,5.19,RU,1627235659
499,Kroya,-7.6331,109.2461,73.02,85,2,3.8,ID,1627235697
500,Kalemie,-5.9475,29.1947,72.14,64,51,16.26,CD,1627235697
501,Bulgan,48.8125,103.5347,55.22,82,90,4.85,MN,1627235682
502,Yatou,37.15,122.3833,75.67,89,73,3.76,CN,1627235697
503,Te Anau,-45.4167,167.7167,45.55,95,100,4.0,NZ,1627235538
504,Saint-Augustin,51.226,-58.6502,77.5,45,72,13.0,CA,1627235683
505,Cidreira,-30.1811,-50.2056,74.28,53,6,6.53,BR,1627235698
506,Bairiki Village,1.3292,172.9752,80.6,83,75,8.05,KI,1627235698
507,Kahului,20.8947,-156.47,79.97,92,26,11.99,US,1627235698
508,Manokwari,-0.8667,134.0833,78.03,77,98,4.83,ID,1627235587
509,Laibin,23.7,109.2667,81.95,75,5,2.73,CN,1627235698
510,Barra de Tecoanapa,16.5167,-98.75,86.45,67,96,9.8,MX,1627235699
511,Kumul,42.8,93.45,88.23,19,0,11.65,CN,1627235699
512,Olafsvik,64.8945,-23.7142,50.07,85,69,27.78,IS,1627235463
513,Ust'-Kut,56.7938,105.7672,61.45,70,54,2.91,RU,1627235699
514,Yashkul',46.1711,45.3435,86.18,24,7,8.79,RU,1627235699
515,Shingū,33.7333,135.9833,75.9,80,0,5.08,JP,1627235494
516,Alofi,-19.0595,-169.9187,66.09,100,17,1.14,NU,1627235700
517,Istok,42.7808,20.4875,83.32,48,37,1.63,XK,1627235700
518,Kattivākkam,13.2167,80.3167,86.09,70,75,12.93,IN,1627235700
519,Béboto,8.2668,16.939,74.68,88,89,5.03,TD,1627235701
520,Djambala,-2.5447,14.7533,78.71,38,60,5.37,CG,1627235701
521,Quelimane,-17.8786,36.8883,67.95,72,40,8.01,MZ,1627235701
522,Auki,-8.7676,160.7034,76.91,88,94,4.43,SB,1627235702
523,Polson,47.6936,-114.1632,86.11,27,0,1.79,US,1627235702
524,Dalbandin,28.8947,64.4101,99.14,9,18,7.49,PK,1627235702
525,Terrace Bay,48.7834,-87.1,64.9,55,44,11.79,CA,1627235702
526,Remontnoye,46.5614,43.6501,81.01,26,86,7.38,RU,1627235703
527,Banamba,13.55,-7.45,88.27,51,93,7.05,ML,1627235703
528,Ruteng,-8.6136,120.4721,57.02,55,34,1.48,ID,1627235704
529,Helena,46.5927,-112.0361,92.25,22,0,8.9,US,1627235599
530,Umm Kaddadah,13.6017,26.6876,90.72,39,61,15.46,SD,1627235704
531,Arrondissement de Limoges,45.75,1.3333,66.76,72,75,10.36,FR,1627235705
532,Tomatlán,19.9333,-105.25,90.41,59,38,4.99,MX,1627235705
533,High Level,58.5169,-117.136,60.91,77,40,2.3,CA,1627235705
534,Upington,-28.4478,21.2561,55.78,28,0,4.61,ZA,1627235705
535,Ojinaga,29.5667,-104.4167,94.57,45,1,3.44,MX,1627235706
536,Caramay,10.1815,119.236,79.7,74,100,3.11,PH,1627235706
537,Quatre Cocos,-20.2078,57.7625,71.71,65,3,14.34,MU,1627235706
538,Werda,-25.2667,23.2833,50.72,34,26,8.68,BW,1627235706
539,Dinghaicun,26.2847,119.7936,85.12,86,97,11.18,CN,1627235707
540,Terrace,54.5163,-128.6035,58.91,94,90,6.91,CA,1627235552
541,Churapcha,62.0025,132.4325,53.92,80,3,6.13,RU,1627235707
542,Margate,51.3813,1.3862,69.69,79,85,1.99,GB,1627235485
543,Kropotkin,45.4375,40.5756,76.06,50,40,8.52,RU,1627235707
544,Bang Khla,13.7214,101.2081,80.55,92,100,7.45,TH,1627235708
545,Bambanglipuro,-7.95,110.2833,70.34,89,1,4.65,ID,1627235708
546,Vernon,50.2581,-119.2691,86.13,36,0,2.3,CA,1627235708
547,Tondon,10.3667,-13.35,77.92,91,100,4.07,GN,1627235708
548,Fichē,9.8,38.7333,52.23,90,100,1.01,ET,1627235709
549,Lashio,22.9333,97.75,66.72,99,81,1.52,MM,1627235709
550,Ambon City,-3.6954,128.1814,77.14,94,40,6.91,ID,1627235709
551,Antofagasta,-23.65,-70.4,58.28,69,63,8.86,CL,1627235477
552,Nuuk,64.1835,-51.7216,50.88,62,86,4.0,GL,1627235549
553,Lamu,-2.2717,40.902,77.22,75,22,21.5,KE,1627235710
554,Goderich,43.7501,-81.7165,82.2,78,0,9.22,CA,1627235440
555,Tsimmerbude,54.675,20.1347,77.05,70,64,9.98,RU,1627235710
556,Wasilla,61.5814,-149.4394,59.07,76,90,0.0,US,1627235551
557,Flinders,-34.5833,150.8552,56.17,61,53,17.0,AU,1627235499
558,Freeport,40.6576,-73.5832,85.3,79,90,8.99,US,1627235483
559,Ouadda,8.0777,22.4007,69.15,96,59,3.44,CF,1627235710
560,Santa Rosalía,27.3167,-112.2833,86.59,52,23,8.77,MX,1627235711
561,Sobolevo,54.4299,31.8996,67.6,61,40,4.23,RU,1627235711
562,Honjō,36.2333,139.1833,78.67,72,35,3.47,JP,1627235711
563,Iracoubo,5.4802,-53.2011,78.21,84,100,3.56,GF,1627235711
564,Xichang,27.8964,102.2634,64.51,91,49,1.9,CN,1627235712
565,Punta Alta,-38.8759,-62.0736,54.18,45,67,6.87,AR,1627235712
566,Māngrol,21.1167,70.1167,79.61,85,100,15.26,IN,1627235712
567,Lakes Entrance,-37.8811,147.981,52.18,63,58,15.59,AU,1627235713
568,Pahrump,36.2083,-115.9839,95.52,27,81,5.99,US,1627235713
569,Sennar,13.5691,33.5672,79.32,70,84,10.45,SD,1627235475
570,Morehead,37.2711,-87.1764,92.14,74,40,4.61,US,1627235713
571,Changzhou,31.7833,119.9667,77.97,95,100,24.05,CN,1627235713
572,Roald,62.5833,6.1333,76.12,82,24,9.22,NO,1627235714
573,Noumea,-22.2763,166.4572,69.01,99,70,7.34,NC,1627235419
574,Bertoua,4.5833,13.6833,68.95,93,96,2.68,CM,1627235714
575,Oodweyne,9.4092,45.064,71.51,47,79,19.89,SO,1627235714
576,Mabaruma,8.2,-59.7833,75.2,98,100,5.77,GY,1627235715
577,Princeton,25.5384,-80.4089,93.0,55,40,8.39,US,1627235580
578,Cayenne,4.9333,-52.3333,84.09,79,40,3.0,GF,1627235511
579,Clarence Town,-32.5833,151.7833,53.94,58,1,12.17,AU,1627235715
580,Road Town,18.4167,-64.6167,87.21,79,40,10.36,VG,1627235655
581,Santa Fe,-31.6333,-60.7,62.02,65,80,4.0,AR,1627235715
